	doi	covidence_number	title	author_list	meta_purpose[replication_validation]	meta_purpose[core_microbiome]	meta_purpose[population_synthesis]	meta_purpose[not_meta]	meta_purpose[not_described]	meta_purpose[other]	meta_purpose_other	meta_goal[microbiome_outcome]	meta_goal[microbiome_exposure]	meta_goal[assembly]	meta_goal[unqiue_microbiome]	meta_goal[other]	meta_goal_other	systematic_approach	search_described	prisma_included	study_inclusion	num_studies_1o	num_samples_1o	sources_1o[consortium_authors]	sources_1o[SRA]	sources_1o[ena]	sources_1o[request_authors]	sources_1o[mg_rast]	sources_1o[qiita]	sources_1o[other]	sources_1o[not_described]	sources_1o_other	validation	num_studies_valid	num_sample_validation	valid_source[consortium_authors]	valid_source[SRA]	valid_source[ena]	valid_source[request_authors]	valid_source[mg_rast]	valid_source[qitta]	valid_source[other]	valid_source[not_described]	valid_source_other	envo[built_envo]	envo[host]	envo[human]	envo[other]	envo_other	envo_bodysite[gut]	envo_bodysite[oral]	envo_bodysite[skin]	envo_bodysite[urogenital]	envo_bodysite[airway]	envo_bodysite[other]	envo_bodysite_other	species	species_compare	design_info[population]	design_info[experimental_design]	design_info[sampling_method]	design_info[collection_kit]	design_info[extraction_kit]	design_info[hypervariable_region]	design_info[sequencer]	seq_platforms[454]	seq_platforms[illumina]	seq_platforms[ion_torrent]	seq_platforms[other]	seq_platforms_other	hypervar_regions[V12]	hypervar_regions[V13]	hypervar_regions[V2]	hypervar_regions[V23]	hypervar_regions[V3]	hypervar_regions[V34]	hypervar_regions[V35]	hypervar_regions[V4]	hypervar_regions[V45]	hypervar_regions[V46]	hypervar_regions[V68]	hypervar_regions[Other]	hypervar_regions_other	common_pipeline	taxa_profile	fun_profile	asvs	otus	otu_type[de_novo]	otu_type[open_ref]	otu_type[closed_ref]	otu_type[unclear]	otu_type[not_described]	qual_filter	tree_construction	table_tools[dada2]	table_tools[deblur]	table_tools[unoise]	table_tools[usearch]	table_tools[uclust]	table_tools[mothur]	table_tools[qiime1]	table_tools[qiime2]	table_tools[qiita]	table_tools[vsearch]	table_tools[nb_classifier]	table_tools[cutadapt]	table_tools[picrust1]	table_tools[picrust2]	table_tools[picrust_tbd]	table_tools[tax4fun]	table_tools[kraken]	table_tools[other]	table_tools_other	table_notes	analyses_perf[descriptive]	analyses_perf[alpha]	analyses_perf[beta]	analyses_perf[differenital_abundance]	analyses_perf[sample_classification]	analyses_perf[core_microbiome]	analyses_perf[co_occurance]	analyses_perf[other]	analyses_perf_other	taxa_level[otu_asv]	taxa_level[genus]	taxa_level[family]	taxa_level[phylum]	taxa_level[not_described]	alpha_level[otu_asv]	alpha_level[species]	alpha_level[genus]	alpha_level[family]	alpha_level[order]	alpha_level[class]	alpha_level[phylum]	alpha_level[not_described]	alpha_study[pooled]	alpha_study[no_adjustment]	alpha_study[fixed]	alpha_study[random]	alpha_study[meta_analysis]	alpha_study[not_described]	alpha_study[other]	alpha_study_other	beta_level[otu_asv]	beta_level[species]	beta_level[genus]	beta_level[family]	beta_level[order]	beta_level[class]	beta_level[phylum]	beta_level[not_described]	beta_study[no_study_pcoa]	beta_study[pcoa_study_effects]	beta_study[adonis_adj]	beta_study[other_test_adj]	beta_study[no_adj]	beta_study[other]	beta_study[not_described]	beta_study_other	diff_abund_level[otu_asv]	diff_abund_level[species]	diff_abund_level[genus]	diff_abund_level[family]	diff_abund_level[order]	diff_abund_level[class]	diff_abund_level[phylum]	diff_abund_level[not_described]	diff_target[targeted]	diff_target[untargeted]	diff_filter[no_filtered]	diff_filter[per_study]	diff_filter[consistent]	diff_filter[prevelance]	diff_filter[abundance]	diff_filter[taxonomy_meta]	diff_type[pool_no_adj]	diff_type[fixed_effect]	diff_type[random_effect]	diff_type[meta_analysis]	diff_type[not_described]	diff_type[other]	diff_type_other	diff_algorith[parametric_rarefied]	diff_algorith[rare_kw]	diff_algorith[LefSe]	diff_algorith[DeSeq2]	diff_algorith[MaAslin]	diff_algorith[metagenomSeq]	diff_algorith[limma_voom]	diff_algorith[parametric_clr]	diff_algorith[aldex2]	diff_algorith[ancom]	diff_algorith[ancom_bc]	diff_algorith[dr]	diff_algorith[other]	diff_algorith[not_described]	diff_algorith_other	class_level[otu_asv]	class_level[species]	class_level[genus]	class_level[family]	class_level[order]	class_level[class]	class_level[phylum]	class_level[not_described]	class_train	class_validate	final_notes
0	10.1007/s12275-022-1526-0	#1284	Proposal of a health gut microbiome index based on a meta-analysis of Korean and global population datasets	Oh, H. S.; Min, U.; Jang, H.; Kim, N.; Lim, J.; Chalita, M.; Chun, J.	0	0	1	0	0	0		1	0	0	0	0		Yes	Yes	No	Yes	12	5135	1	1	0	0	0	0	0	0		No												0	0	1	0		1	0	0	0	0	0				1	0	0	0	0	1	1	1	1	0	0		1	1	0	0		1	0	1	0	0	0	0		Yes	Yes	No	No	Yes	0	0	1	0	0			0	0	0	0	0	0	0	0	0	1	0	0	0	0	0	0	0		trimmomatic; HMMER;  Microbiome Taxonomic Profile; EZbioCloud; UCHIME		0	1	1	1	1	0	0	1	enterotypes; benefical health index						1	0	0	0	0	0	0	0	0	1	0	0	0	0	0		0	0	1	0	0	0	0	0	0	0	0	0	0	0	0		0	0	1	0	0	0	0	0	0	1	0	0	1	1	1	0	1	0	1	1	0	0		0	0	1	0	1	0	0	0	0	0	0	0	0	0		0	0	1	0	0	0	0	0	Leave a study out or cross validation training	No	
1	10.1038/s41467-021-23265-y	#1980	Identification of microbial markers across populations in early detection of colorectal cancer	Wu, Y.; Jiao, N.; Zhu, R.; Zhang, Y.; Wu, D.; Wang, A. J.; Fang, S.; Tao, L.; Li, Y.; Cheng, S.; He, X.; Lan, P.; Tian, C.; Liu, N. N.; Zhu, L.	0	0	1	0	0	0		1	0	0	0	0		No				4	775	0	1	1	0	0	0	0	0		Yes	2	281	0	1	1	0	0	0	0	0		0	0	1	0		1	0	0	0	0	0				0	0	0	0	0	1	0						0	0	0	0	0	0	0	1	0	0	0	0		Yes	Yes	Yes	Yes	No							They used MAFTT, Fast Tree, or another de novo approach	1	0	0	0	0	0	0	1	0	0	1	0	0	1	0	0	0	0			0	1	1	1	1	0	1	0		0	0	0	0	0	1	0	0	0	0	0	0	0	0	0	0	0	1	0	0		1	0	0	0	0	0	0	0	0	1	1	0	0	0	0		1	0	0	0	0	0	0	0	0	0	0	0	0	1	0	0	0	0	0	1	0	0		0	0	0	0	0	0	0	0	0	0	0	0	0	0		1	0	0	0	0	0	0	0	Leave a study out or cross validation training	Yes	
2	10.1111/apt.15375	#1502	Consistent alterations in faecal microbiomes of patients with primary sclerosing cholangitis independent of associated colitis	Rhlemann, M.; Liwinski, T.; Heinsen, F. A.; Bang, C.; Zenouzi, R.; Kummen, M.; Thingholm, L.; Tempel, M.; Lieb, W.; Karlsen, T.; Lohse, A.; Hov, J.; Denk, G.; Lammert, F.; Krawczyk, M.; Schramm, C.; Franke, A.	0	1	1	0	0	0		1	0	0	1	0		No				3	388	1	0	0	0	0	0	0	0		No			0	0	0	0	0	0	0	0		0	0	1	0		1	0	0	0	0	0				1	0	0	0	0	1	1	0	1	0	0		1	0	0	0	0	0	0	0	0	0	0	0		Yes	Yes	No	No	Yes	0	0	0	1	0			0	0	0	1	0	0	0	0	0	1	0	0	0	0	0	0	0	1	uchime		0	1	1	1	1	1	0	0		0	0	0	0	0	1	0	1	1	0	0	0	0	0	0	0	0	0	0	1	Parallel analyses	1	0	1	0	0	0	0	0	0	0	0	0	1	0	0		1	1	1	1	1	1	1	0	1	1	0	0	1	1	0	0	0	0	0	1	0	0		0	0	0	0	0	0	0	0	0	0	0	0	1	0	hurdle models as implemented in the pscl R package or GLM	0	0	0	0	0	0	0	1	Leave a study out or cross validation training	No	
3	10.1186/s13059-022-02637-7	#14	Meta-analysis defines predominant shared microbial responses in various diseases and a specific inflammatory bowel disease signal	Abbas-Egbariya, H.; Haberman, Y.; Braun, T.; Hadar, R.; Denson, L.; Gal-Mor, O.; Amir, A.	0	0	1	0	0	0		1	0	0	0	0		Yes	Yes	No	Yes	59	2356	0	1	1	1	0	1	0	1	CNGB	No			0	0	0		0			0		0	0	1	0		1	1	0	0	0	0				1	0	0	0	0	1	0	0	0	0	0		0	0	0	0	0	0	0	1	0	0	0	0		Yes	Yes	Yes	Yes	No	0	0	0	0	0		Not described/unclear	0	1	0	0	0	0	0	1	0	0	1	0	0	1	0	0	0	0			0	0	1	1	1		0	0			0	0	0	0	0	0	0	0	0	0	0	0	0	0	0	0	0	0	0		1	0	0	0	0	0	0	0	0	1	0	0	0	1	1	Modified Bray-Curtis based on effect size	1	0	0	0	0	0	0	0	0	1	1	0	0	0	0	0	1	0	0	0	0	0		0	0	1	0	0	0	0	0	0	0	0	0	1	0	normalized rank mean difference NRMD;  dsFDR multiple hypothesis correction 	1	0	0	0	0	0	0	0	Leave a study out or cross validation training	Yes	
4	10.3389/fcimb.2021.645951	#997	Leveraging 16S rRNA Microbiome Sequencing Data to Identify Bacterial Signatures for Irritable Bowel Syndrome	Liu, Y.; Li, W.; Yang, H.; Zhang, X.; Wang, W.; Jia, S.; Xiang, B.; Wang, Y.; Miao, L.; Zhang, H.; Wang, L.; Song, J.; Sun, Y.; Chai, L.; Tian, X.	0		1	0	0	0		1	0	0	0	0		Yes	No	Yes	Yes	6	439	0	1	0	0	0	0	0	0		No			0	0	0	0	0	0	0	0		0	0	1	0		1	0	0	0	0	0				1	0	0	0	0	1	1	1	1	0	0		0	1	0	0	0	1	1	1	0	0	0	0		Yes	Yes	No	Yes	No	0	0	0	0	0		They did not construct a phylogenetic tree (no UniFrac or Faith's diversity)	1	0	0	0	0	0	0	1	0	0	0	0	0	0	0	0	0	0			0	1	1	1	1	0	0	0		0	0	0	0	0	0	0	1	0	0	0	0	0	0	1	0	0	0	0	0		0	0	1	0	0	0	0	0	0	0	0	0	0	0	1		0	0	1	0	0	0	0	0	0	1	0	0	0	0	1	0	1	0	0	0	0	0		0	0	1	0	0	0	0	0	0	0	0	0	0	0		0	0	1	0	0	0	0	0	It was trained on multiple studies with no consider of study effect	No	
5	10.3389/fmicb.2022.843170	#1535	Human Gut Microbiome Across Different Lifestyles: From Hunter-Gatherers to Urban Populations	Rosas-Plaza, S.; Hern√°ndez-Ter√°n, A.; Navarro-D√≠az, M.; Escalante, A. E.; Morales-Espinosa, R.; Cerritos, R.	0	0	1	0	0	0		0	1	0	0	0		No				14	568	0	1	0	0	1	0	1	1	Github	No			0	0	0	0	0	0	0	0		0	0	1	0		1	0	0	0	0	0				1	0	0	0	0	1	1	0	1	0	0		1	0	0	0	0	1	0	1	1	0	0	0		Yes	Yes	No	Yes	No	0	0	0	0	0		They used fragment insertion (SEPP, epa-ng)	1	0	0	0	0	0	0	1	0	0	1	0	0	0	0	0	0	1	SEPP		0	1	1	1	0	0	0	0		0	0	0	0	0	1	0	0	0	0	0	0	1	0	1	0	0	0	0	0		0	0	0	1	0	0	0	0	1	0	0	0	1	0	0		0	0	1	1	0	0	0	0	0	1	0	0	0	0	0	1	1	0	0	0	0	0		0	0	1	1	0	0	0	0	0	0	0	0	0	0		0	0	0	0	0	0	0	0			
6	10.3390/microorganisms9102149	#295	Predicting the Role of the Human Gut Microbiome in Constipation Using Machine-Learning Methods: A Meta-Analysis	Chen, Y. T.; Wu, T.; Lu, W. W.; Yuan, W. W.; Pan, M. L.; Lee, Y. K.; Zhao, J. X.; Zhang, H.; Chen, W.; Zhu, J. L.; Wang, H. C.	1	0	0	0	0	0		1	0	0	0	0		Yes	Yes	Yes	Yes	5	3056	0	1	0	0	0	0	1	0	American Gut Project	Yes	1	150	1	0	0	0	0	0	0	0		0	0	1	0		1	0	0	0	0	0				0	0	0	0	0	0	0	0	0	0	0		0	0	0	0	0	0	0	0	0	0	0	0		Yes	Yes	No	Unclear/Not described	Yes	0	0	1	0	0			0	0	0	1	0	0	1	0	0	1	0	0	0	0	0	0	0	0			1	1	1	0	1	0	1	0		0	1	0	1	0	1	0	0	0	0	0	0	0	0	1	0	0	0	0	0		1	1	1	0	0	0	0	0	0	1	0	0	0	0	0		1	0	0	0	0	0	0	0	0	1	0	0	0	0	0	0	0	0	0	0	1	0		1	1	0	0	0	0	0	0	0	0	0	0	0	0		0	0	0	0	0	0	0	1	Not described	Yes	
7	10.1007/s00248-018-1176-2	#1429	Gut Microbial Dysbiosis in Indian Children with Autism Spectrum Disorders	Pulikkan, J.; Maji, A.; Dhakan, D. B.; Saxena, R.; Mohan, B.; Anto, M. M.; Agarwal, N.; Grace, T.; Sharma, V. K.	0	0	1	0	0	0		1	0	0	0	0		No				2	94	1	1	0	0	0	0	0	0		No	0	0	0	0	0	0	0	0	0	0		0	0	1	0		1	0	0	0	0	0				1	0	0	0	0	1	0	0	0	0	0		0	0	0	0	1	0	0	0	0	0	0	0		Yes	Yes	No	No	Yes	0	0	1	0	0			0	0	0	0	0	0	1	0	0	0	0	0	0	0	0	0	0	1	Boruta		0	1	1	1	1	0	0	0		0	0	0	0	0	1	0	1	1	0	0	1	0	0	0	0	0	0	0	1	wilcoxon rank sum test	1	0	1	1	0	0	1	0	0	0	1	0	0	0	0		1	0	1	1	0	0	1	0	0	1	1	0	0	0	0	0	0	0	0	0	1	0		0	0	1	0	0	0	0	0	0	0	0	0	1	0	Boruta	1	0	0	0	0	0	0	0	Not described	Not described	
8	10.1016/j.chom.2013.08.006	#1015	Alterations in the gut microbiota associated with HIV-1 infection	Lozupone, C. A.; Li, M.; Campbell, T. B.; Flores, S. C.; Linderman, D.; Gebert, M. J.; Knight, R.; Fontenot, A. P.; Palmer, B. E.	0	0	1	0	0	0		1	0	0	0	0		No				3		0	0	0	0	0	1	0	0		No			0	0	0	0	0	0	0	0		0	0	1	0		1	0	0	0	0	0				1	0	0	0	0	1	1	1	1	0	0		0	1	1	0	0	0	0	1	0	0	0	0		Yes	Yes	No	No	Yes	1	0	1	0	0		They used MAFTT, Fast Tree, or another de novo approach	0	0	0	0	1	0	1	0	0	0	0	0	0	0	0	0	0	0			0	1	1	0	1	0	0	0		0	0	0	0	0	1	0	0	0	0	0	0	0	0	0	0	0	0	1	0		1	0	0	0	0	0	0	0	1	1	0	0	0	0	0		0	0	0	0	0	0	0	0	0	0	0	0	0	0	0	0	0	0	0	0	0	0		0	0	0	0	0	0	0	0	0	0	0	0	0	0		1	0	0	0	0	0	0	0	Other	Not described	
9	10.1038/s41522-019-0091-8	#1696	Gut microbiota phenotypes of obesity	Stanislawski, M. A.; Dabelea, D.; Lange, L. A.; Wagner, B. D.; Lozupone, C. A.	0	0	1	0	0	0		1	0	0	0	0		No				4		0	0	0	0	0	0	0	1		No			0	0	0	0	0	0	0	0		0	0	1	0		1	0	0	0	0	0				1	0	1	0	0	1	1	1	1	0	0		0	0	1	0	0	0	0	0	0	0	0	0		Not described	No	No	No	No	0	0	0	0	0	unclear/not described		0	0	0	0	0	0	0	0	0	0	0	0	0	0	0	0	0	0			0	1	0	1	0	0	0	0		0	0	0	0	0	0	0	0	0	0	0	0	1	0	0	0	0	0	1	0		0	0	0	0	0	0	0	0	0	1	1	0	0	0	0		0	0	1	0	0	0	0	0	1	0	1	0	0	0	0	0	0	1	0	0	0	0		0	0	0	0	0	0	0	0	0	0	0	0	1	0	 non-hierarchical linear regressions	0	0	0	0	0	0	0	0			
10	10.1038/s41598-020-69537-3	#386	Metagenomic analysis of gut microbiota in non-treated plaque psoriasis patients stratified by disease severity: development of a new Psoriasis-Microbiome Index	Dei-Cas, I.; Giliberto, F.; Luce, L.; Dopazo, H.; Penas-Steinhardt, A.	1	0	0	0	0	0		1	0	0	0	0		Yes	Yes	No	Yes	1	82	1	0	0	0	0	0	0	0		Yes	1		0	1	0	0	0	0	0	0		0	0	1	0		1	0	0	1	0	0				0	0	0	0	0	0	0	0	0	0	0		0	0	0	0	0	0	0	0	0	0	0	0		Not described					0	0	0	0	0			0	0	0	0	0	0	0	0	0	0	0	0	0	0	0	0	0	0			0	0	0	0	1	0	0	0		0	0	0	0	0	0	0	0	0	0	0	0	0	0	0	0	0	0	0	0		0	0	0	0	0	0	0	0	0	0	0	0	0	0	0		0	0	0	0	0	0	0	0	0	0	0	0	0	0	0	0	0	0	0	0	0	0		0	0	0	0	0	0	0	0	0	0	0	0	0	0		0	0	1	0	0	0	0	0	It was trained on a single study	Yes	
11	10.1093/femsec/fix153	#1063	Identification of universal gut microbial biomarkers of common human intestinal diseases by meta-analysis	Mancabelli, L.; Milani, C.; Lugli, G. A.; Turroni, F.; Cocconi, D.; van Sinderen, D.; Ventura, M.	0	0	1	0	0	0		1	0	0	0	0		No				24	3048	0	1	1	0	0	0	0	0		No			0	0	0	0	0	0	0	0		0	0	1	0		1	0	0	0	0	0				0	0	0	0	0	1	1	1	1	0	0		1	1	0	0	1	1	1	1	0	1	0	1	V56	Yes	Yes	No	No	Yes	0	0	0	0	0		Not described/unclear	0	0	0	0	1	0	1	0	0	0	0	0	0	0	0	0	0	0			1	1	1	1	0	0	0	0		0	0	0	1	0	0	0	0	0	0	0	0	1	1	1	0	0	0	0	0		0	0	0	0	0	0	0	0	1	0	0	0	0		0		0	0	1	0	0	0	0	0	0	1	0	0	0	0	0	0	1	0	0	0	0	0		1	0	0	0	0	0	0	0	0	0	0	0	0	0		0	0	0	0	0	0	0	0			
12	10.1111/1462-2920.13632	#1048	Bacterial community collapse: a meta-analysis of the sinonasal microbiota in chronic rhinosinusitis	Mackenzie, B. W.; Waite, D. W.; Hoggard, M.; Douglas, R. G.; Taylor, M. W.; Biswas, K.	0	0	1	0	0	0		1	0	0	0	0		No				11	472	0	1	0	1	0	0	1	0	Dryad (personal communication?)	No			0	0	0	0	0	0	0	0		0	0	1	0		0	0	0	0	1	0	whether sinonasal included as upper airway?			0	0	1	0	0	1	1	1	1	0	0		1	1	0	0	0	1	0	1	0	0	0	1	V36	Yes	Yes	Yes	No	Yes	0	0	1	0	0			0	0	0	0	0	1	0	0	0	0	0	0	1	0	0	0	0	0		Phylotypes	1	1	1	1	0	0	1	1	Fragmentation Analysis	0	1	0	1	0	1	0	1	0	0	0	1	0	0	0	0	0	0	1	0		0	0	1	0	0	0	0	phylotypes	0	0	1	0	0	0	0		0	0	1	0	0	0	1	0	0	1	1	0	0	0	0	0	0	0	0	0	1	0		0	1		0	0	0	0	0	0	0	0	0	1	0	wilcoxon-rank sum test	0	0	0	0	0	0	0	0			
13	10.1136/gutjnl-2015-310376	#775	Proton pump inhibitors affect the gut microbiome	Imhann, F.; Bonder, M. J.; Vich Vila, A.; Fu, J.; Mujagic, Z.; Vork, L.; Tigchelaar, E. F.; Jankipersadsing, S. A.; Cenit, M. C.; Harmsen, H. J.; Dijkstra, G.; Franke, L.; Xavier, R. J.; Jonkers, D.; Wijmenga, C.; Weersma, R. K.; Zhernakova, A.	0	0	1	0	0	0		0	1	0	0	0		No				3	1815	1	0	0	0	0	0	0	0		No			0	0	0	0	0	0	0	0		0	0	1	0		1	1	0	0	0	0				1	0	0	1	1	1	1	0	1	0	0		0	0	0	0	0	0	0	1	0	0	0	0		Yes	Yes	No	No	Yes	0	0	1	0	0			0	0	0	0	1	0	0	0	0	0	0	0	0	0	0	0	0	1	TaxMan creating primer-specific reference database		0	1	1	1	0	0	0	0		0	0	0	0	0	1	0	0	0	0	0	0	0	0	0	0	0	1	1	0		1	0	0	0	0	0	0	0	1	1	0	0	0	1	0	wilcoxon test	1	1	1	0	0	0	0	0	0	1	0	0	0	0	0	0	0	0	0	1	0	0		0	0	0	0	1	0	0	0	0	0	0	0	1	0	QIIMETOMAASLIN	0	0	0	0	0	0	0	0			
14	10.1136/gutjnl-2016-313189	#1609	Leveraging sequence-based faecal microbial community survey data to identify a composite biomarker for colorectal cancer	Shah, M. S.; DeSantis, T. Z.; Weinmaier, T.; McMurdie, P. J.; Cope, J. L.; Altrichter, A.; Yamal, J. M.; Hollister, E. B.	0	0	1	0	0	0		1	0	0	0	0		Yes	Yes	Yes	Yes	13	509	0	1	1	1	1	0	0	0		No			0	0	0	0	0	0	0	0		0	0	1	0		1	0	0	0	0	0				0	0	0	0	1	1	1	1	1	0	0		0	1	0	0	1	1	0	1	0	0	0	0		Yes	Yes	No	No	Yes	1	0	1	0	0		They did not construct a phylogenetic tree (no UniFrac or Faith's diversity)	0	0	0	1	0	0	1	0	0	0	0	0	0	0	0	0	0	0		 Each study was analysed using two different pipelines	0	1	1	1	1	0	0	0		0	0	0	0	0	0	0	0	0	0	0	0	1	0	1	0	0	0	0	0		1	0	0	0	0	0	0	0	0	1	1	0	0	0	0		1	0	0	0	0	0	0	0	0	1	0	0	1	0	0	0	0	1	0	1	0	0		0	0	0	1	0	0	0	0	0	0	0	0	0	0		1	0	0	0	0	0	0	0	Leave a study out or cross validation training	No	
15	10.1371/journal.pone.0062578	#912	Quantitatively different, yet qualitatively alike: a meta-analysis of the mouse core gut microbiome with a view towards the human gut microbiome	Krych, L.; Hansen, C. H.; Hansen, A. K.; van den Berg, F. W.; Nielsen, D. S.	0	0	1	0	0	0		0	0	0	0	1	identify inter- and intra-individual differences and similarities between the GM composition of particular mouse strains and humans	No				7	88+128=216	0	1	0	0	0	0	0	0		No			0	0	0	0	0	0	0	0		0	1	1	0		1	0	0	0	0	0		mice	Yes	1	0	0	0	1	1	1	1	0	0	0		0	0	0	0	1	0	0	1	0	0	0	0		Yes	Yes	No	No	Yes	0	0	0	1	0			0	0	0	0	UCLAST?	0	1	0	0	0	0	0	0	0	0	0	0	1	UCLAST		0	1	1	1	0	1	0	0		0	0	0	0	0	0	1	1	0	0	0	1	0	0	0	0	0	0	1	0		1	0	0	0	0	0	0	0	0	1	0	0	0	0	0		1	0	1	0	0	0	1	0	0	1	0	0	0	0	1	0	0	0	0	0	1	0		0	0	0	0	0	0	0	0	0	0	0	0	1	0	metastats	0	0	0	0	0	0	0	0			
16	10.3389/fimmu.2021.722206	#1436	Gut Bacterial Characteristics of Patients With Type 2 Diabetes Mellitus and the Application Potential	Que, Y.; Cao, M.; He, J.; Zhang, Q.; Chen, Q.; Yan, C.; Lin, A.; Yang, L.; Wu, Z.; Zhu, D.; Chen, F.; Chen, Z.; Xiao, C.; Hou, K.; Zhang, B.	0	0	1	0	0	0		1	0	0	0	0		Yes	Yes	No	Yes	7	1143	0	1	0	1	0	0	0	0		Yes	5		0	0	0	0	0	0	0	1		0	0	1	0		1	0	0	0	0	0				1	0	0	0	1	1	1	0	1	1	1	PGM, Miniseq	0	0	0	0	1	1	0	1	1	0	0	0		Yes	Yes	No	No	Yes	0	0	1	0	0			0	0	0	1	0	0	0	0	0	0	0	0	0	0	0	0	0	0			0	1	1	1	1	0	0	1	bacterial correlation	0	0	0	0	0	1	0	0	0	0	0	0	0	0	0	0	0	1	0	1	wilcoxon test	1	0	0	0	0	0	0	0	0	1	0	0	0	0	0		1	0	1	1	1	1	1	0	0	1	0	0	0	0	1	0	0	0	0	0	1	0		0	0	0	0	0	0	0	0	0	0	0	0	0	1		1	0	1	0	0	0	0	0	Leave a study out or cross validation training	Yes	
17	10.3389/fmicb.2020.00476	#900	Meta-Analysis of Vaginal Microbiome Data Provides New Insights Into Preterm Birth	Kosti, I.; Lyalina, S.; Pollard, K. S.; Butte, A. J.; Sirota, M.	0	0	1	0	0	0		1	0	0	0	0		Yes?				5		0	1	0	0	0	0	1	0	The processed data was uploaded to ImmPort	No			0	0	0	0	0	0	0	0		0	0	1	0		0	0	1	0	0	0				1	0	1	0	0	0	0	0	0	0	0		0	0	0	0	0	0	0	0	0	0	0	0		Yes	Yes	No	Yes	Yes	0	0	1	0	0			0	0	0	1	0	0	0	0	0	0	0	0	0	0	0	0	0	0			0	1	1	1	0	0	0	0		0	0	0	0	0	1	0	0	0	0	0	0	0	0	0	0	1	0	0	0		1	0	0	0	0	0	0	0	0	0	0	0	0	0	1		1	0	1	0	0	0	0	0	1	0	0	0	0	0	0	0	0	0	1	0	0	0		0	0	0	0	0	0	1	0	0	0	0	0	0	0		0	0	0	0	0	0	0	0			
18	10.1007/s00253-021-11387-8	#1924	Nationality and body location alter human skin microbiome	Wang, Y.; Yu, Q.; Zhou, R.; Feng, T.; Hilal, M. G.; Li, H.	0	0	1	0	0	0		0	1	0	1	0		No				2		1	0	0	0	0	0	0	0		No			0	0	0	0	0	0	0	0		0	0	1	0		0	0	0	1	0	0				1	0	0	0	0	0	0	0	0	0	0		0	0	0	0	0	0	0	0	0	0	0	0		Yes	Yes	Yes	No	Yes	1	0	0	0	0		Not described/unclear	0	0	0	0	0	0	1	0	0	0	1	0	0	0	0	0	0	1	Uchime		1	1	1	0	0	1	0	0		0	1	0	1	0	1	0	0	0	0	0	0	0	0	1	0	0	0	0	0		1	0	0	0	0	0	0	0	0	1	0	0	1	0	0		0	0	0	0	0	0	0	0	0	0	0	0	0	0	0	0	0	0	0	0	0	0		0	0	0	0	0	0	0	0	0	0	0	0	0	0		0	0	0	0	0	0	0	0			
19	10.1016/j.gpb.2018.03.009	#1634	Meta-analysis Reveals Potential Influence of Oxidative Stress on the Airway Microbiomes of Cystic Fibrosis Patients	Shi, X.; Gao, Z.; Lin, Q.; Zhao, L.; Ma, Q.; Kang, Y.; Yu, J.	0	0	1	0	0	0		1	0	0	0	0		Yes	Yes	Yes	Yes	7	352	0	1	0	0	0	0	0	0		No			0	0	0	0	0	0	0	0		0	0	1	0		0	0	0	0	1	0				1	0	1	0	0	1	1	1	0	0	0		1	0	0	0	0	1	1	0	0	1	0	0		Yes	Yes	Yes	No	Yes	0	0	0	1	0			0	0	0	1	1	0	1	0	0	0	0	0	0	0	0	0	0	1	Vegan		0	1	0	1	0	0	0	0		0	0	0	0	0	0	1	0	0	0	0	0	0	1	0	0	0	0	0	0		0	0	0	0	0	0	0	0	0	0	0	0	0	0	0		0	1	1	0	0	0	0	0	0	1	1	0	0	0	0	0	0	0	0	0	1	0		1	0	0	0	0	0	0	0	0	0	0	0	0	0		0	0	0	0	0	0	0	0			
20	10.1016/j.tube.2018.02.006	#721	Meta-analysis of the lung microbiota in pulmonary tuberculosis	Hong, B. Y.; Paulson, J. N.; Stine, O. C.; Weinstock, G. M.; Cervantes, J. L.	0	0	1	0	0	0		1	0	0	0	0		No				5	219	0	1	0	1	0	0	0	0		No			0	0	0	0	0	0	0	0		0	0	1	0		0	0	0	0	1	0				1	0	0	0	0	1	1	1	0	1	0		1	0	0	0	1	0	0	0	0	0	0	1	V67	Yes	Yes	No	Yes	Yes	0	0	0	1	0			0	0	0	0	0	1	0	0	0	0	1	0	0	0	0	0	0	0		phylotyping is a Schloss method thats supposed to be more discriminant that old school closed ref, but give a scaffold	1	1	1	1	0	0	1	0		0	1	0	0	0	0	0	0	0	0	0	0	1	0	0	0	0	0	0	1	study-specific differences	1	0	1	0	0	0	0	0	0	1	0	0	0	0	0		1	0	0	0	0	0	0	0	0	1	0	0	1	0	0	0	0	0	0	0	0	1	Data was pre-adjusted 	0	0	0	0	0	1	0	0	0	0	0	0	0	0		0	0	0	0	0	0	0	0			Why do you incldue a sample with 6 samples? :facepalm:
21	10.1038/ismej.2013.54	#1604	A meta-analysis of changes in bacterial and archaeal communities with time	Shade, A.; Caporaso, J. G.; Handelsman, J.; Knight, R.; Fierer, N.	0	0	1	0	0	0		0	0	1	0	0		No				11	3431	0	0	0	1	0	0	0	0		No			0	0	0	0	0	0	0	0		0	0	1	1	Fresh water; bog; occean; waste water; flower soil;	1	1	0	1	0	0				0	0	0	0	0	0	1	1	1	0	0		0	0	0	0	0	0	0	0	0	0	0	0		Yes	Yes	No	No	Yes	0	0	1	0	0			0	0	0	0	0	0	1	0	0	0	0	0	0	0	0	0	0	0			0	1	1	0	0	0	0	0		0	0	0	0	0	1	0	0	0	0	0	0	0	0	0	0	0	0	0	1	Within study temporal variation	1	0	0	0	0	0	0	0	0	0	0	0	0	1	0	within enviroment temporal change	0	0	0	0	0	0	0	0	0	0	0	0	0	0	0	0	0	0	0	0	0	0		0	0	0	0	0	0	0	0	0	0	0	0	0	0		0	0	0	0	0	0	0	0			
22	10.1038/s41396-020-0727-y	#1933	Multi-omic meta-analysis identifies functional signatures of airway microbiome in chronic obstructive pulmonary disease	Wang, Z.; Yang, Y.; Yan, Z.; Liu, H.; Chen, B.; Liang, Z.; Wang, F.; Miller, B. E.; Tal-Singer, R.; Yi, X.; Li, J.; Stampfli, M. R.; Zhou, H.; Brightling, C. E.; Brown, J. R.; Wu, M.; Chen, R.; Shu, W.	0	0	1	0	0	0		1	0	0	0	0		Yes	Yes	No	Yes	13	1640	0	1	1	0	0	0	1	0	Dyrad	Yes		28	0	1	0	0	0	0	0	0		0	0	1	0		0	0	0	0	1	0				1	0	0	0	0	1	1	1	1	0	0		1	0	0	0	1	1	1	1	0	0	1	0		Yes	Yes	Yes	Yes	Unclear/Not described	0	0	0	0	0		They did not construct a phylogenetic tree (no UniFrac or Faith's diversity)	1	0	0	0	0	0	0	1	0	0	1	0	0	1	0	0	0	0			1	0	1	1	1	0	0	0		0	1	0	0	0	0	0	0	0	0	0	0	0	0	0	0	0	0	0	0		1	0	1	0	0	0	0	0	0	1	0	0	0	1	0	test for study effect	0	0	1	0	0	0	0	0	0	1	0	1	0	0	0	0	0	0	1	0	0	0		0	0	0	0	0	0	0	0	0	0	0	0	1	0		0	0	1	0	0	0	0	0	Leave a study out or cross validation training	No	
23	10.1038/s41467-017-01973-8	#2119	Meta-analysis of gut microbiome studies identifies disease-specific and shared responses	Duvallet, Claire; Gibbons, Sean M.; Gurry, Thomas; Irizarry, Rafael A.; Alm, Eric J.	0	0	1	0	0	0		1	0	0	0	0		Yes	Yes	No	Yes	28	6075	0	1	0	1	0	0	0	0		No			0	0	0	1	0	0	0	0		0	0	1	0		1	0	0	0	0	0				1	1	0	0	0	1	1	1	1	0	0		1	1	1	1	0	0	1	1	0	0	0	0		Yes	Yes	No	No	Yes	1	0	0	0	0		They used MAFTT, Fast Tree, or another de novo approach	0	0	0	1	0	0	0	0	0	0	0	0	0	0	0	0	0	0			0	1	0	1	1	0	0	0		0	0	0	0	0	1	0	1	0	0	0	0	0	1	0	0	0	0	0	0		0	0	0	0	0	0	0	0	0	0	0	0	0	0	0		0	0	1	0	0	0	0	0	0	1	0	0	1	0	0	0	0	1	0	0	0	0		0	1	0	0	0	0	0	0	0	0	0	0	0	0		0	0	1	0	0	0	0	0	Leave a study out or cross validation training	No	
24	10.1038/s41531-021-00156-z	#1531	Meta-analysis of the Parkinson's disease gut microbiome suggests alterations linked to intestinal inflammation	Romano, S.; Savva, G. M.; Bedarf, J. R.; Charles, I. G.; Hildebrand, F.; Narbad, A.	0	0	1	0	0	0		1	0	0	0	0		Yes	Yes	No	Yes	22	1211	0	1	1	0	0	0	0	0		No			0	0	0	0	0	0	0	0		0	0	1	0		1	0	0	0	0	0				1	1	1	0	1	1	1	0	1	1	0		1	0	0	0	0	1	0	1	1	0	0	0		Yes	Yes	Yes	Yes	Yes	0	0	0	1	0		They did not construct a phylogenetic tree (no UniFrac or Faith's diversity)	0	0	1	0	0	0	0	0	0	0	0	0	0	1	0	0	0	0			0	1	1	1	0	0	0	0		0	0	0	0	0	0	1	0	0	0	0	0	0	0	0	0	1	0	0	0		0	1	1	1	0	0	0	0	0	1	0	0	0	1	0	dbRDA models	0	1	1	1	0	0	0	0	1	0	1	0	0	0	0	0	0	0	0	1	0	0		0	0	0	1	0	0	0	0	0	1	0	0	0	0		0	0	0	0	0	0	0	0			
25	10.1038/s41598-018-32413-2	#1079	Mucosal microbiota of intestinal polyps reveals putative biomarkers of colorectal cancer	Mangifesta, M.; Mancabelli, L.; Milani, C.; Gaiani, F.; de'Angelis, N.; de'Angelis, G. L.; van Sinderen, D.; Ventura, M.; Turroni, F.	0	1	1	0	0	0		1	0	0	0	0		Yes	No	No	Yes		24	0	1	0	0	0	0	0	0		No			0	0	0	0	0	0	0	0	0	0	0	1	0		1	0	0	0	0	0				0	0	1	0	0	0	1	1	1	0	0		0	0	0	0	0	0	0	0	0	0	0	0		Yes	Yes	No	No	Yes	0	0	0	1	0			0	0	0	0	1	0	1	0	0	0	0	0	0	0	0	0	0	0			0	1	1	1	0	0	0	0		0	0	0	0	0	0	0	1	0	0	0	0	0	1	0	0	0	0	0	0		1	0	0	0	0	0	0	0	0	0	0	0	1	0	0		0	0	1	0	0	0	0	0	0	1	1	0	0	0	0	0	0	0	0	0	1	0		0	0	0	0	0	0	0	0	0	0	0	0	1	0		0	0	0	0	0	0	0	0			
26	10.1093/cid/ciz258	#1817	The Impact of Human Immunodeficiency Virus Infection on Gut Microbiota Œ±-Diversity: An Individual-level Meta-analysis	Tuddenham, S. A.; Koay, W. L. A.; Zhao, N.; White, J. R.; Ghanem, K. G.; Sears, C. L.	0	0	1	0	0	0		1	0	0	0	0		Yes	Yes	Yes	Yes	17	1032	0	1	0	1	0	0	0	0		No			0	0	0	0	0	0	0	0		0	0	1	0		1	0	0	0	0	0				1	1	0	0	1	1	1	1	1	0	1	Roche 454	0	1	0	0	0	1	1	1	0	0	0	1	V6	No					0	0	0	0	0			0	0	0	0	0	0	0	0	0	0	0	0	0	0	0	0	0	0			0	1	0	0	0	0	0	0		0	0	0	0	0	0	0	0	0	0	0	0	1	0	0	0	1	1	0	0		0	0	0	0	0	0	0	0	0	0	0	0	0	0	0		0	0	0	0	0	0	0	0	0	0	0	0	0	0	0	0	0	0	0	0	0	0		0	0	0	0	0	0	0	0	0	0	0	0	0	0		0	0	0	0	0	0	0	0			
27	10.1111/bjd.20626	#1869	Early melanoma invasivity correlates with gut fungal and bacterial profiles	Vitali, F.; Colucci, R.; Di Paola, M.; Pindo, M.; De Filippo, C.; Moretti, S.; Cavalieri, D.	0	0	1	0	0	0		1	0	0	0	0		No				2		0	1	1	0	0	0	0	0		No			0	0	0	0	0	0	0	0		0	0	1	0		1	0	0	0	0	0				1	0	0	0	0	1	0	0	0	0	0		0	0	0	0	0	0	0	1	0	0	0	0		Yes		No	Yes		0	0		0	0			0	0	1	0	0	0	0	0	0	0	0	1	0	0	0	0	0	0			0	1	1	1	1		0	0		0	0	0	0	0	1	0	0	0	0	0	0	0	0	0	0	0			0					0	0	0	0	0	0			0	0	0	0		1	0	0	0	0	0	0	0	1	0	0	0		0	0		0	0	0			0		0	0		1	0	1	0	0	0	0	0	0	0	0		1	0	0	0	0	0	0	0	Not described	Not described	
28	10.1128/mbio.02890-21	#927	Helminth-Induced Human Gastrointestinal Dysbiosis: a Systematic Review and Meta-Analysis Reveals Insights into Altered Taxon Diversity and Microbial Gradient Collapse	Kupritz, J.; Angelova, A.; Nutman, T. B.; Gazzinelli-Guimaraes, P. H.	0	0	1	0	0	0		0	1	0	0	0		Yes	Yes	Yes	Yes	7	921	0	1	1	0	0	0	0	0		No			0	0	0	0	0	0	0	0		0	0	1	0		1	0	0	0	0	0				1	0	0	0	0	1	1	0	1	0	0		0	0	0	0	0	1	0	1	0	0	0	0		Yes	Yes	No	Yes	No	0	0	0	0	0		They did not construct a phylogenetic tree (no UniFrac or Faith's diversity)	1	0	0	0	0	0	0	0	0	0	1	0	0	0	0	0	0	0			0	1	1	1	0	0	0	0		0	0	0	0	0	0	1	1	0	0	0	0	0	0	1	0	0	0	0	0		0	1	1	0	0	0	0	0	0	1	1	0	0	0	0		0	1	1	0	0	0	0	0	0	1	0	0	1	0	0	0	0	0	0	0	0	1	Study effects filtering wtih MMUPHin	0	0	0	1	0	0	0	0	0	0	0	0	0	0		0	0	0	0	0	0	0	0			MMUPHin was applied for normalization to avoid meta-analysis. Also, why are we still doing DeSeq2 from the NIH in 2021?
29	10.1186/s13059-019-1908-8	#1969	Host-associated microbiomes are predicted by immune system complexity and climate	Woodhams, D. C.; Bletz, M. C.; Becker, C. G.; Bender, H. A.; Buitrago-Rosas, D.; Diebboll, H.; Huynh, R.; Kearns, P. J.; Kueneman, J.; Kurosawa, E.; Labumbard, B. C.; Lyons, C.; McNally, K.; Schliep, K.; Shankar, N.; Tokash-Peters, A. G.; Vences, M.; Whetstone, R.	0	1	1	0	0	0		0	1	1	0	0		No				51	15790	0	1	1	0	1	1	1		NCBI	No			0	0	0	0	0	0	0	0		0	1	1	1	plants	1	1	1	1	1	1	leaf surface, root surface, animal surface, gill, and n/a	plants to corals to vertebrates	Yes	0	0	0	0	1	1	1	0	1	0	0		0	0	0	0	0	0	0	1	0	0	0	0		Yes	Yes	Yes	Yes	No	0	0	0	0	0		They used MAFTT, Fast Tree, or another de novo approach	0	1	0	0	0	0	0	0	0	0	1	0	0	0	1	0	0	0			1	1	1	1	0	0	0	0		0	0	0	1	0	1	0	0	0	0	0	0	0	0	1	0	0	0	0	0		1	0	0	0	0	0	0	0	1	0	0	0	1	1	0	Adonis testing	0	0	0	0	0	0	1	0	0	1	1	0	0	0	0	0	0	0	0	0	1	0		0	0	0	0	0	0	0	0	0	0	0	0	0	1		0	0	0	0	0	0	0	0			This was a really cool comparison across multiple ecosystems, but also very much an ecology study. They likely exceeded technical effects because of the type of systems they were working in
30	10.1186/s40168-017-0248-8	#1323	Intestinal dysbiosis in preterm infants preceding necrotizing enterocolitis: a systematic review and meta-analysis	Pammi, M.; Cope, J.; Tarr, P. I.; Warner, B. B.; Morrow, A. L.; Mai, V.; Gregory, K. E.; Kroll, J. S.; McMurtry, V.; Ferris, M. J.; Engstrand, L.; Lilja, H. E.; Hollister, E. B.; Versalovic, J.; Neu, J.	0	0	1	0	0	0		1	0	0	0	0		Yes	Yes	Yes	Yes	8	2944	0	1	1	1	0	0	1	0	NCBI	No			0	0	0	0	0	0	0	0		0	0	1	0		1	0	0	0	0	0				1	1	0	0	0	1	0	0	0	0	0		0	1	0	0	0	0	1	0	0	0	0	0		Yes	Yes	No	No	Yes	0	0	1	0	0			0	0	0	0	1	0	1	0	0	0	0	0	0	0	0	0	0	0		They followed the Lozupone 2012 protocol; also most primers look like 454	1	1	1	1	0	0	0	0		0	1	0	1	0	1	0	0	0	0	0	0	0	0	1	0	0	0	0	1	Boxplot by study	1	0	0	0	0	0	0	0	1	1	0	0	0	1	0	PCoA comparing primer effects	0	0	1	1	0	0	1	0	0	1	1	0	0	0	0	0	1	0	0	0	1	0		0	1	0	0	0	0	0	0	0	0	0	0	0	0		0	0	0	0	0	0	0	0			
31	10.1186/s40168-018-0479-3	#1917	Meta-analysis of human genome-microbiome association studies: the MiBioGen consortium initiative	Wang, J.; Kurilshikov, A.; Radjabzadeh, D.; Turpin, W.; Croitoru, K.; Bonder, M. J.; Jackson, M. A.; Medina-Gomez, C.; Frost, F.; Homuth, G.; Ruehlemann, M.; Hughes, D.; Kim, H. N.; Spector, T. D.; Bell, J. T.; Steves, C. J.; Timpson, N.; Franke, A.; Wijmenga, C.; Meyer, K.; Kacprowski, T.; Franke, L.; Paterson, A. D.; Raes, J.; Kraaij, R.; Zhernakova, A.; MiBioGen Consortium, Initiative	0	0	1	0	0	0		0	1	0	0	0		No				18	18965	0	0	0	1	0	0	0	0		No			0	0	0	0	0	0	0	0		0	0	1	0		1	0	0	0	0	0				1	0	0	0	0	1	1	0	1	0	1	PsychChip, Immunochip, Metabochip, Affymetrix 6.0, Axiom, HumanHap300, Hap610Q, 1M-Duo, 1.2M-Duo 	1	0	0	0	0	1	0	1	0	0	0	0		Yes	Yes	No	No	Yes	0	0	1	1	0			0	0	0	0	0	0	0	0	0	0	0	0	0	0	0	0	0	1	nb classfier		0	0	0	0	0	0	0	0		0	0	0	0	0	0	0	0	0	0	0	0	0	0	0	0	0	0	0	0		0	0	0	0	0	0	0	0	0	0	0	0	0	0	0		0	0	0	0	0	0	0	0	0	0	0	0	0	0	0	0	0	0	0	0	0	0		0	0	0	0	0	0	0	0	0	0	0	0	0	0		0	0	0	0	0	0	0	0			This was an intro/methods paper and doesnt describe full results
32	10.1186/s40168-021-01149-z	#1194	A meta-analysis study of the robustness and universality of gut microbiome-metabolome associations	Muller, E.; Algavi, Y. M.; Borenstein, E.	0	0	1	0	0	0		0	0	0	0	1	microbiome-metabolite association	No				10	1733	0	1	1	1	0	1	1	0	Mendeley, Supplemental Information, project website	No			0	0	0	0	0	0	0	0		0	0	1	0		1	0	0	0	0	0				1	0	0	0	1	1	1	1	1	0	0		0	0	0	0	0	1	1	1	0	0	0	0		Yes	Yes	No	Yes	No	0	0	0	0	0		They did not construct a phylogenetic tree (no UniFrac or Faith's diversity)	1	0	0	0	0	0	0	1	1	0	1	0	0	0	0	0	0	0			0	0	0	1	0	0	0	1	Metabolite-genus co-occurance	0	0	0	0	0	0	0	0	0	0	0	0	0	0	0	0	0	0	0	0		0	0	0	0	0	0	0	0	0	0	0	0	0	0	0		0	0	1	0	0	0	0	0	0	1	0	0	1	0	1	1	0	0	0	1	0	0		0	0	0	0	0	0	0	0	0	0	0	0	1	0	 Correlation with metabolites	0	0	0	0	0	0	0	0			This integrated 16S and WGS but used different DBs because... why not?
33	10.1371/journal.pcbi.1002863	#891	A guide to enterotypes across the human body: meta-analysis of microbial community structures in human microbiome datasets	Koren, O.; Knights, D.; Gonzalez, A.; Waldron, L.; Segata, N.; Knight, R.; Huttenhower, C.; Ley, R. E.	0	0	1	0	0	0		0	0	1	1	0		Yes	No	No	Yes	19	13865	0	0	1	0	0	0	0	0		No			0	0	0	0	0	0	0	0		0	0	1	0		1	1	1	1	1	0				1	0	0	0	0	1	1	1	0	0	0		0	1	0	0	0	0	1	0	0	0	0	0		Yes	Yes	No	No	Yes	1	1	1	0	0		Not described/unclear	0	0	0	0	0	0	1	0	0	0	0	0	0	0	0	0	0	1	MetaPhlAn		0	0	1	1	0	0	0	0		0	0	0	0	0	0	0	0	0	0	0	0	0	0	0	0	0	0	0	0		1	1	1	0	0	0	0	0	0	1	0	0	0	0	0		1	0	1	0	0	0	0	0	0	1	0	0	1	0	0	0	0	0	1	0	0	0		1	0	0	0	0	0	0	0	0	0	0	0	1	0		0	0	0	0	0	0	0	0			
34	10.1371/journal.pcbi.1004468	#694	Comprehensive Meta-analysis of Ontology Annotated 16S rRNA Profiles Identifies Beta Diversity Clusters of Environmental Bacterial Communities	Henschel, A.; Anwar, M. Z.; Manohar, V.	0	0	0	0	0	1	Comparison of enviromental similarity	0	0	1	0	1	Cross comparison between many enviroments	No				2462	20472		1	0	0	0	1	1	0	henceforth(Chaffron dataset), locally sampled data	No			0	0	0	0	0	0	0	0		1	1	1	1	ALL THE ENVIROMENTS	0	0	0	0	0	0	Not described	mammal	Unclear	0	0	0	0	0	0	0	0	0	0	0		0	0	0	0	0	0	0	0	0	0	0	0		Yes	Yes	No	No	Yes	1	0	1	0	0		They used MAFTT, Fast Tree, or another de novo approach	0	0	0	0	1	0	1	0	0	0	0	0	0	0	0	0	0	0			0	1	1	0	0	0	0	0		0	0	0	0	0	1	0	0	0	0	0	0	0	0	1	0	0	0	0	1	Avaliable from databse	1	0	0	0	0	0	0	0	1	0	0	0	1	0	0		0	0	0	0	0	0	0	0	0	0	0	0	0	0	0	0	0	0	0	0	0	0		0	0	0	0	0	0	0	0	0	0	0	0	0	0		0	0	0	0	0	0	0	0			
35	10.1371/journal.pcbi.1010066	#601	Host phenotype classification from human microbiome data is mainly driven by the presence of microbial taxa	Giliberti, R.; Cavaliere, S.; Mauriello, I. E.; Ercolini, D.; Pasolli, E.	0	0	0	0	0	1	Evaluate a method	1	0	0	0	1	Characterize a method	No				30	4026	0	0	0	0	0	0	0	1		No			0	0	0	0	0	0	0	0		0	0	1	0		1	0	0	0	0	0				0	0	0	0	0	0	0	0	0	0	0		0	0	0	0	0	0	0	0	0	0	0	0		Yes	Yes	No	No	Yes	0	0	0	0	1	unclear/not described	Not described/unclear	0	0	0	1	0	0	0	0	0	0	1	0	0	0	0	0	0	1	RDP, MetaPhlAn3		0	0	0	0	1	0	0	0		0	0	0	0	0	0	0	0	0	0	0	0	0	0	0	0	0	0	0	0		0	0	0	0	0	0	0	0	0	0	0	0	0	0	0		0	0	0	0	0	0	0	0	0	0	0	0	0	0	0	0	0	0	0	0	0	0		0	0	0	0	0	0	0	0	0	0	0	0	0	0		0	0	1	0	0	0	0	0	Leave a study out or cross validation training	Unclear	
36	10.3389/fcimb.2020.00129	#1848	Pathobionts in the Vaginal Microbiota: Individual Participant Data Meta-Analysis of Three Sequencing Studies	van de Wijgert, Jhhm; Verwijs, M. C.; Gill, A. C.; Borgdorff, H.; van der Veer, C.; Mayaud, P.	0	0	1	0	0	0		1	0	0	0	0		No				3	2044	0	0	0	1	0	0	0	0		No			0	0	0	0	0	0	0	0		0	0	1	0		0	0	1	0	0	0				1	0	0	0	1	1	1	0	1	0	0		0	0	0	0	0	1	0	0	0	0	0	0		Yes	Yes	No	Yes	Yes	0	0	0	1	0		They did not construct a phylogenetic tree (no UniFrac or Faith's diversity)	1	0	0	1	0	0	0	0	0	0	0	0	0	0	0	0	0	1	Swarm		0	0	0	1	0		0	0		0	0	0	0	0	0	0	0	0	0	0	0	0	0	0	0	0	0	0	0		0	0	0	0	0	0	0	0	0	0	0	0	0	0	0		1	0	0	0	0	0	0	0	1	0	1	0	0	0	0	0	1	0	0	0	0	0		0	1	0	0	0	0	0	0	0	0	0	0	0	0		0	0	0	0	0	0	0	0			
37	10.3389/fcimb.2022.816526	#578	Cross-Cohort Microbiome Analysis of Salivary Biomarkers in Patients With Type 2 Diabetes Mellitus	Gao, C.; Guo, Y.; Chen, F.	0	0	1	0	0	0		1	0	0	0	0		Yes	No	No	Yes	5	470	0	1	0	1	0	0	0	0		Yes	1	46	0	1	0	1	0	0	0	0		0	0	1	0		0	1	0	0	0	0				1	0	0	0	0	1	1	0	1	0	0		0	0	0	0	0	1	0	0	0	0	0	0		Yes	Yes	Yes	No	Yes	1	0	0	0	0		Not described/unclear	0	0	0	1	0	0	0	1	0	0	1	1	0	0	0	0	0	1	Flash; Trimmomatic; FARPROTAX		1	1	1	1	1	1	0	0		0	1	0	1	0	1	0	0	0	0	0	0	0	0	1	0	0	1	0	0		1	0	0	0	0	0	0	0	0	1	1	0	0	1	0	Anosim analysis	1	1	1	1	1	1	1	0	0	1	1	0	0	0	0	0	1	0	0	0	1	0		0	1	1	0	0	0	0	0	0	0	0	0	1	0	kruskal wallis on relative abundance data	1	0	0	0	0	0	0	0	Leave a study out or cross validation training	Yes	
38	10.3389/fmicb.2016.00660	#186	Molecular Characterization and Meta-Analysis of Gut Microbial Communities Illustrate Enrichment of Prevotella and Megasphaera in Indian Subjects	Bhute, S.; Pande, P.; Shetty, S. A.; Shelar, R.; Mane, S.; Kumbhare, S. V.; Gawali, A.; Makhani, H.; Navandar, M.; Dhotre, D.; Lubree, H.; Agarwal, D.; Patil, R.; Ozarkar, S.; Ghaskadbi, S.; Yajnik, C.; Juvekar, S.; Makharia, G. K.; Shouche, Y. S.	0	1	1	0	0	0		0	0	0	1	0		No				4		1	1	0	0	0	0	1	0	DDJB, MG-RAST 	No			0	1	0	0	1	0	1	0	DDJB	0	1	1	0		1	0	0	0	0	0		hind-gut-fermenters, fore-gut-fermenters, herbivorous, and carnivorous organisms	Maybe	1	0	0	0	0	1	1	1	0	0	0		0	1	1	0	0	0	0	0	0	0	0	0		Yes	Yes	Yes	No	Yes	0	0	1	0	0			0	0	0	0	1	1	1	0	0	0	0	0	0	0	1	0	0	1	RDP Classifer 2.2		0	1	1	1	1	1	0	0		0	0	0	0	0	1	1	0	0	0	0	1	0	0	1	0	0	0	0	0		1	0	0	0	0	0	0	0	0	1	0	0	0	0	0		1	0	0	1	0	0	1	0	0	1	1	0	0	0	0	0	1	0	0	0	0	0		0	0	1	0	0	0	0	0	0	0	0	0	0	0		1	0	0	0	0	0	0	0	Not described	Not described	
39	10.3389/fmicb.2021.711134	#234	Bacterial Signatures of Paediatric Respiratory Disease: An Individual Participant Data Meta-Analysis	Broderick, D. T. J.; Waite, D. W.; Marsh, R. L.; Camargo, C. A., Jr.; Cardenas, P.; Chang, A. B.; Cookson, W. O. C.; Cuthbertson, L.; Dai, W.; Everard, M. L.; Gervaix, A.; Harris, J. K.; Hasegawa, K.; Hoffman, L. R.; Hong, S. J.; Josset, L.; Kelly, M. S.; Kim, B. S.; Kong, Y.; Li, S. C.; Mansbach, J. M.; Mejias, A.; O'Toole, G. A.; Paalanen, L.; P√©rez-Losada, M.; Pettigrew, M. M.; Pichon, M.; Ramilo, O.; Ruokolainen, L.; Sakwinska, O.; Seed, P. C.; van der Gast, C. J.; Wagner, B. D.; Yi, H.; Zemanick, E. T.; Zheng, Y.; Pillarisetti, N.; Taylor, M. W.	0	0	1	0	0	0		1	0	0	0	0		Yes	Yes	Yes	Yes	20	2789	1	0	0	0	0	0	0	1		No			0	0	0	0	0	0	0	0		0	0	1	0		0	1	0	0	1	0				1	0	1	0	1	1	1	1	1	0	0		1	1	0	0	1	1	1	1	0	1	0	1	V57	Yes	Yes	No	No	Yes	0	0	1	0	0			0	0	0	1	0	1	0	0	0	0	0	0	0	0	0	0	0	0			0	1	1	1	1	1	0	0		0	0	0	0	0	0	0	1	0	0	0	0	0	0	1	0	0	0	0	0			0	1	0	0	0	0	0	0	1	1	0	0	1	0	Sensitity analysis excluding a single study,nMDS plot showing study effects	0	0	1	0	0	0	0	0	0	1	0	0	0	0	0	0	1	0	0	0	0	0		0	0	1	0	0	0	0	0	0	0	0	0	0	0		0	0	1	0	0	0	0	0	It was trained on multiple studies with no consider of study effect	No	
40	10.1002/mds.28119	#1260	Meta-Analysis of Gut Dysbiosis in Parkinson's Disease	Nishiwaki, H.; Ito, M.; Ishida, T.; Hamaguchi, T.; Maeda, T.; Kashihara, K.; Tsuboi, Y.; Ueyama, J.; Shimamura, T.; Mori, H.; Kurokawa, K.; Katsuno, M.; Hirayama, M.; Ohno, K.	1	0	1	0	0	0		1	0	0	0	0		No	No	No	No	5		1	0	0	0	0	0	0	1		No			0	0	0	0	0	0	0	0		0	0	1	0		1	0	0	0	0	0				1	0	1	1	0	1	0	0	0	0	0		0	0	0	0	0	1	0	1	0	0	0	0		Yes	Yes	Yes	Yes	No	0	0	0	0	0		They did not construct a phylogenetic tree (no UniFrac or Faith's diversity)	1	0	0	0	0	0	0	1	0	0	0	0	0	1	0	0	0	0		The primary focus of the table generation was their new data	0	0	0	1	0	0	0	0		0	0	0	0	0	0	0	0	0	0	0	0	0	0	0	0	0	0	0	0		0	0	0	0	0	0	0	0	0	0	0	0	0	0	0		0	0	1	1	0	0	0	0	0	1	0	0	0	1	1	1	0	0	1	0	0	0		0	0	0	0	0	0	0	0	0	1	0	0	1	0	in house code	0	0	0	0	0	0	0	0			
41	10.1016/j.csbj.2020.08.028	#1067	Multi-population cohort meta-analysis of human intestinal microbiota in early life reveals the existence of infant community state types (ICSTs)	Mancabelli, L.; Tarracchini, C.; Milani, C.; Lugli, G. A.; Fontana, F.; Turroni, F.; van Sinderen, D.; Ventura, M.	0	0	1	0	0	0		0	0	1	1	0		No				15	1035	0	1	0	0	0	0	0	0		No			0	0	0	0	0	0	0	0		0	0	1	0		1	0	0	0	0	0				1	0	0	0	0	1	1	0	1	0	0		1	0	0	0	1	1	0	1	1	0	0	0		Yes	Yes	No	No	Yes	0	0	1	0	0	0		1	0	0	0	0	0	0	1	0	0	0	0	0	0	0	0	0	0			1	1	1	1	0	1	0	1	Community State	0	1	0	0	0	0	0	1	0	0	0	0	0	0	1	0	0	0	1	0		0	0	1	0	0	0	0	0	1	0	0	0	1	0	0		0	0	1	0	0	0	0	0	0	1	0	0	1	0	0	0	0	0	0	0	1	0		0	0	0	0	0	0	0	0	0	0	0	0	1	0	ANOVA analysis; least significant difference for multiple comparison	0	0	0	0	0	0	0	0			They looked at primers which they claimed excluded them from looking at astudy effects
42	10.1016/j.febslet.2014.09.039	#1888	Meta-analyses of human gut microbes associated with obesity and IBD	Walters, W. A.; Xu, Z.; Knight, R.	0	0	1	0	0	0		1	0	0	0	0		No						0	0	0	0	0	1	0	0		No			0	0	0	0	0	0	0	0		0	0	1	0		1	0	0	0	0	0				0	0	0	0	0	0	0	0	0	0	0		0	0	0	0	0	0	0	0	0	0	0	0		Yes	Yes	No	No	Yes	0	0	1	0	0			0	0	0	0	1	0	1	0	0	0	0	0	0	0	0	0	0	0			0	1	1	1	1	0	0	0		0	0	0	0	0	1	0	0	0	0	0	0	0	0	1	0	0	0	0	0		1	0	0	0	0	0	0	0	1	1	0	0	0	0	0		0	0	1	0	0	0	1	0	1	1	0	0	0	0	0	0	1	0	0	0	0	0		0	1	0	0	0	0	0	0	0	0	0	0	0	0		1	0	0	0	0	0	0	0	Other	No	I remember when Tony was doing this
43	10.1016/j.parkreldis.2021.11.017	#1802	Gut microbiome in Parkinson's disease: New insights from meta-analysis	Toh, T. S.; Chong, C. W.; Lim, S. Y.; Bowman, J.; Cirstea, M.; Lin, C. H.; Chen, C. C.; Appel-Cresswell, S.; Finlay, B. B.; Tan, A. H.	0	0	1	0	0	0		1	0	0	0	0		Yes	Yes	Yes	Yes	10	1703	0	1	0	1	0	0	0	0		No			0	0	0	0	0	0	0	0		0	0	1	0		1	0	0	0	0	0				1	0	0	0	0	1	1	0	1	0	0		1	0	0	0	0	1	0	1	0	0	0	0		Yes	No	No	Yes	No	0	0	0	0	0	No	They used fragment insertion (SEPP, epa-ng)	1	0	0	0	0	0	0	0	0	0	0	0	0	0	0	0	0	1	paprica		0	1	1	1	0	0	0	1	Correlation with disease severity, Functional analysis	0	0	0	0	0	0	1	0	0	0	0	0	0	1	0	0	0	0	0	0		0	0	0	0	0	0	0	1	0	1	1	0	0	0	0		0	0	1	1	0	0	1	0	0	1	0	1	0	0	0	0	0	1	0	0	0	0		0	0	0	1	0	0	0	0	0	0	1	0	1	0		0	0	0	0	0	0	0	0			
44	10.1017/s0007114518002465	#977	Association of dietary fibre intake and gut microbiota in adults	Lin, D.; Peters, B. A.; Friedlander, C.; Freiman, H. J.; Goedert, J. J.; Sinha, R.; Miller, G.; Bernstein, M. A.; Hayes, R. B.; Ahn, J.	0	0	1	0	0	0		0	1	0	0	0		No				2	151	1	0	0	0	0	0	0	0		No			0	0	0	0	0	0	0	0		0	0	1	0		1	0	0	0	0	0				1	1	1	0	1	1	1	1	1	0	0		0	0	0	0	0	1	0	1	0	0	0	0		Yes	Yes	No	No	Yes	1	0	0	0	0		Not described/unclear	0	0	0	0	0	0	1	0	0	0	0	0	0	0	0	0	0	1	chimeraslayer	COntrol samples suggested good ICC at phylum level	0	1	1	1	0	0	0	0		0	0	0	0	0	1	0	0	0	0	0	0	0	0	0	0	0	1	0	0	0	1	0	0	0	0	0	0	0	0	0	1	0	0	0	0	0	0	1	1	0	0	0	0	0	0	1	0	1	0	0	0	0	0	0	0	1	0	0		0	0	0	1	0	0	0	0	0	0	0	0	0	0		0	0	0	0	0	0	0	0			
45	10.1038/s41522-017-0040-3	#440	High-resolution bacterial 16S rRNA gene profile meta-analysis and biofilm status reveal common colorectal cancer consortia	Drewes, J. L.; White, J. R.; Dejea, C. M.; Fathi, P.; Iyadorai, T.; Vadivelu, J.; Roslani, A. C.; Wick, E. C.; Mongodin, E. F.; Loke, M. F.; Thulasi, K.; Gan, H. M.; Goh, K. L.; Chong, H. Y.; Kumar, S.; Wanyiri, J. W.; Sears, C. L.	0	0	1	0	0	0		1	0	0	0	0		No				11		1	0	0	0	0	0	0	1		No			0	0	0	0	0	0	0	0		0	0	1	0		1	0	0	0	0	0				1	1	0	0	0	1	1	1	1	0	0		1	0	0	0	0	1	1	1	0	0	0	1	V56	Yes	No	Yes	No	Yes	1	0	0	0	0		Not described/unclear	0	0	0	0	1	0	1	0	0	0	0	0	1	0	0	0	0	1	BLAST		0	0	0	1	0	0	0	0		0	0	0	0	0	0	0	0	0	0	0	0	0	0	0	0	0	0	0	0		0	0	0	0	0	0	0	0	0	0	0	0	0	0	0		0	1	0	0	0	0	0	0	1	0	0	0	0	0	0	0	0	0	0	1	0	0		0	0	0	0	0	0	0	0	0	0	0	0	0	1		0	0	0	0	0	0	0	0			Once again, not sure this is a true meta nalaysis, but it does qualify as weird
46	10.1038/s41598-018-32221-8	#54	The human gut pan-microbiome presents a compositional core formed by discrete phylogenetic units	Aguirre de C√°rcer, D.	0	1	0	0	0	0		0	0	0	1	0		No	No	No	Yes	3	2243	0	0	0	1	0	0	0	0		No			0	0	0	0	0	0	0	0		0	0	1	0		1	0	0	0	0	0				1	0	0	0	0	1	1	0	1	0	0		0	0	0	0	0	0	0	1	0	0	0	0		Yes	Yes	Yes	No	Yes	1	0	0	0	0		They did not construct a phylogenetic tree (no UniFrac or Faith's diversity)	0	0	0	1	0	1	1	0	0	0	0	0	0	0	1	0	0	0			0	0	0	0	0	1	0	0		0	0	0	0	0	0	0	0	0	0	0	0	0	0	0	0	0	0	0	0		0	0	0	0	0	0	0	0	0	0	0	0	0	0	0		0	0	0	0	0	0	0	0	0	0	0	0	0	0	0	0	0	0	0	0	0	0		0	0	0	0	0	0	0	0	0	0	0	0	0	0		0	0	0	0	0	0	0	0			
47	10.1073/pnas.1000080107	#258	Global patterns of 16S rRNA diversity at a depth of millions of sequences per sample	Caporaso, J. G.; Lauber, C. L.; Walters, W. A.; Berg-Lyons, D.; Lozupone, C. A.; Turnbaugh, P. J.; Fierer, N.; Knight, R.	0	0	0	0	0	1	To check the perfromance of a new technique	0	0	0	0	1	To compare enviroments	No					29	1	0	0	0	0	0	0	1		No			0	0	0	0	0	0	0	0		0	0	1	1	soil; freshwater, freshwater sediment, occean, ocean sediment, mock community	1	1	0	1	0	0				0	0	0	0	0	1	1	1	1	0	0		0	0	0	0	0	0	0	1	0	0	0	0		Yes	Yes	No	No	Yes	0	0	1	0	0			0	0	0	0	0	0	1	0	0	0	1	0	0	0	0	0	0	1	Blast	Im not entirely sure this should be incuded since allt he lab work was done at the same facility	1	1	1	0	0	0	0	0		0	1	1	0	0	1	0	0	0	0	0	0	0	0	1	0	0	0	0	0		1	0	0	0	0	0	0	0	1	0	0	0	0	0	0		0	0	0	0	0	0	0	0	0	0	0	0	0	0	0	0	0	0	0	0	0	0		0	0	0	0	0	0	0	0	0	0	0	0	0	0		0	0	0	0	0	0	0	0			This really isnt a good meta analysis
48	10.1093/braincomms/fcab113	#1405	Gut microbiome alpha-diversity is not a marker of Parkinson's disease and multiple sclerosis	Plassais, J.; Gbikpi-Benissan, G.; Figarol, M.; Scheperjans, F.; Gorochov, G.; Derkinderen, P.; Cervino, A. C. L.	0	0	1	0	0	0		1	0	0	0	0		Yes	Yes	Yes	Yes	12	1370	0		0		0	0	0			No			0	0	0	0	0	0	0	0		0	0	1	0		1	0	0	0	0	0				1	0	0	0	0	1	1	0	1	0	0		1	0	0	0	0	1	1	1	1	0	0	0		Yes	Yes	No	Yes	No	0	0	0	0	0		Not described/unclear	0	1	0	0	0	0	0	1	0	0	1	0	0	0	0	0	0	1	fastqc		0	1	0	0	0	0	0	0		0	0	0	0	0	1	0	0	0	0	0	0	0	0	0	1	0	1	0	0		0	0	0	0	0	0	0	0	0	0	0	0	0	0	0		0	0	0	0	0	0	0	0	0	0	0	0	0	0	0	0	0	0	0	0	0	0		0	0	0	0	0	0	0	0	0	0	0	0	0	0		0	0	0	0	0	0	0	0			Data from Cekanavicuet et al should be avalaible in qiita?
49	10.1099/mgen.0.000619	#450	Geographical separation and ethnic origin influence the human gut microbial composition: a meta-analysis from a Malaysian perspective	Dwiyanto, J.; Ayub, Q.; Lee, S. M.; Foo, S. C.; Chong, C. W.; Rahman, S.	0	0	1	0	0	0		0	1	0	0	0		Yes	Yes	Yes	Yes	16	1007	0	1	1	0	0	0	0	0	0	no			0	0	0	0	0	0	0	0		0	0	1	0		1	0	0	0	0	0				1	0	0	0	0	1	1	0	1	0	0		0	0	0	0	0	0	0	1	0	0	0	0		Yes	Yes	No	Yes	No	0	0	0	0	0		They did not construct a phylogenetic tree (no UniFrac or Faith's diversity)	1	0	0	0	0	0	0	0	0	0	0	1	0	0	0	0	0	0			0	1	0	1	0	0	0	0		0	0	0	0	0	1	0	0	0	0	0	0	0	0	1	0	0	0	0	0		0	0	0	0	0	0	0	0	0	0	0	0	0	0	0		1	0	0	0	0	0	0	0	0	1	0	0	1	0	0	0	0	1	0	0	0	0		0	0	0	0	0	0	0	0	1	0	0	0	0	0		0	0	0	0	0	0	0	0			
50	10.1101/gr.151803.112	#1019	Meta-analyses of studies of the human microbiota	Lozupone, C. A.; Stombaugh, J.; Gonzalez, A.; Ackermann, G.; Wendel, D.; V√°zquez-Baeza, Y.; Jansson, J. K.; Gordon, J. I.; Knight, R.	0	0	1	0	0	0	0	0	1	0	0	1	 to identify overall patterns that drive differences in the human microbiota and to ascertain the degree to which technical variability between studies impacts observed diversity	No				14		0	0	0	0	0	1	0	0		No			0	0	0	0	0	0	0	0		0	0	1	0		1	1	1	1	1	0				1	0	0	0	1	1	1	1	1	0	0	0	0	1	1	0	0	0	1	1	0	0	0	1	V56, V6	Yes	Yes	No	No	Yes	0	0	1	0	0			0	0	0	0	1	0	1	0	0	0	0	0	0	0	0	0	0	0			0	0	1	1	0	0	0	0		0	0	0	0	0	0	0	0	0	0	0	0	0	0	0	0	0	0	0	0		1	0	0	0	0	0	0	0	0	1	0	0	0	0	0		1	1	0	0	0	0	0	0	0	1	0	0	1	0	0	0	0	0	0	0	1	0		0	0	0	0	0	0	0	0	0	0	0	0	0	1		0	0	0	1	1	0	0	0			
51	10.1128/mbio.00630-18	#1733	Leveraging Existing 16S rRNA Gene Surveys To Identify Reproducible Biomarkers in Individuals with Colorectal Tumors	Sze, M. A.; Schloss, P. D.	0	0	1	0	0	0		1	0	0	0	0		No				14	2229	0	1	0	1	0	0	1	0	dbGaP	No			0	0	0	0	0	0	0	0		0	0	1	0		1	0	0	0	0	0				1	0	0	0	0	1	1	1	1	0	0		1	1	0	0	1	1	1	1	0	0	0	1	V56	Yes	Yes	No	No	Yes	1	0	0	0	0			0	0	0	0	0	1	0	0	0	1	1	0	0	0	0	0	0	0			0	1	0	1	1	0	0	0		0	0	0	0	0	1	0	0	0	0	0	0	0	0	0	0	1	0	0	0		0	0	0	0	0	0	0	0	0	0	0	0	0	0	0		1	0	1	1	0	0	0	0	0	1	0	1	0	0	0	0	0	0	0	1	0	0		0	0	0	0	0	0	0	0	0	0	0	0	1	0	Benjamini-Hochberg method	1	0	1	0	0	0	0	0	Leave a study out or cross validation training	Yes	
52	10.1128/mbio.01018-16	#1730	Looking for a signal in the noise: Revisiting obesity and the microbiome	Sze, M. A.; Schloss, P. D.	0	0	1	0	0	0		1	0	0	0	0		Yes	Yes	Yes	Yes	10	2787	0	1	1	1	0	0	0	0		No			0	0	0	0	0	0	0	0		0	0	1	0		1	0	0	0	0	0				1	0	0	0	0	1	1	1	1	0	0		1	1	1	0	1	0	1	1	0	0	0	0		Yes	Yes	No	No	Yes	0	0	0	0	1		They did not construct a phylogenetic tree (no UniFrac or Faith's diversity)	0	0	0	0	0	1	0	0	0	0	0	0	0	0	0	0	0	0			0	1	1	1	1	0	0	0		0	0	0	0	0	1	0	1	0	0	0	1	0	0	0	0	1	0	0	0		1	0	1	0	0	0	0	0	0	0	0	0	0	1	0	AMOVA	0	0	0	0	0	0	1	0	1	0	0	0	0	0	0	0	0	0	0	0	1	0		1	0	0	0	0	0	0	0	0	0	0	0	0	0		1	0	1	0	0	0	0	0	Leave a study out or cross validation training	Yes	
53	10.1128/msystems.00138-20	#1162	Meta-analysis of 16S rRNA Microbial Data Identified Distinctive and Predictive Microbiota Dysbiosis in Colorectal Carcinoma Adjacent Tissue	Mo, Z.; Huang, P.; Yang, C.; Xiao, S.; Zhang, G.; Ling, F.; Li, L.	0	0	1	0	0	0	0	1	0	0	0	0		No				15	2099	0	1	0	1	0	0	0	0		No			0		0		0	0	0	0		0	0	1	0		1	0	0	0	0	0				0	0	1	0	0	1	1	1	1	1	0		1	0	0	0	0	1	1	1	1	0	0	1	V56, V14	Yes	Yes	No	No	No	0	0	0	0	0	Yes	They did not construct a phylogenetic tree (no UniFrac or Faith's diversity)	0	0	0	0	0	0	0	0	0	0	0	0	0	0	0	0	1	0			0	1	1	1	1	0	1			0	0	0	0	0	0	1	1	0	0	0	0	0	0	1	0	0	0	0	0		0	1	1	0	0	0	0	0	0	1	0	0	0	0	0		0	1	1	0	0	0	0	0	0	1	0	0	1	0	0	0	0	1	0	1	0	0		0	1	0	1	0	0	0	0	0	0	0	0		0		0	1	1	0	0	0	0	0	Leave a study out or cross validation training	No	
54	10.1128/msystems.00797-20	#1256	Short-Chain Fatty Acid-Producing Gut Microbiota Is Decreased in Parkinson's Disease but Not in Rapid-Eye-Movement Sleep Behavior Disorder	Nishiwaki, H.; Hamaguchi, T.; Ito, M.; Ishida, T.; Maeda, T.; Kashihara, K.; Tsuboi, Y.; Ueyama, J.; Shimamura, T.; Mori, H.; Kurokawa, K.; Katsuno, M.; Hirayama, M.; Ohno, K.	0	0	1	0	0	0		1	0	0	0	0		No				2	221	1	1	0	0	0	0	0	0		No			0	0	0	0	0	0	0	0		0	0	1	0		1	0	0	0	0	0				1	0	0	0	0	1	1	0	1	0	0		0	0	0	0	0	1	0	1	0	0	0	0		Yes	Yes	No	Yes	Yes	0	0	0	1	0		Not described/unclear	1	0	0	0	0	0	0	1	0	0	0	0	0	0	0	0	0	0			0	0	1	1	0	0	0	0		0	0	0	0	0	0	0	0	0	0	0	0	0	0	0	0	0	0	0	0		1	0	1	1	0	0	0	0	0	1	0	0	0	0	0		1	0	1	1	0	0	0	0	0	1	0		1	0	0	0	0	0	0	1	0	0		0	0	0	0	0	0	0	0	0	1	0	0	1	0	Wilcoxon rank	0	0	0	0	0	0	0	0			
55	10.1186/s13059-016-1052-7	#165	Heritable components of the human fecal microbiome are associated with visceral fat	Beaumont, M.; Goodrich, J. K.; Jackson, M. A.; Yet, I.; Davenport, E. R.; Vieira-Silva, S.; Debelius, J.; Pallister, T.; Mangino, M.; Raes, J.; Knight, R.; Clark, A. G.; Ley, R. E.; Spector, T. D.; Bell, J. T.	1	0	0	0	0	0		1	0	0	0	0		No				1	3666	1	0	0	0	0	0	0	0		Yes	3	4286	1	0	0	0	0	0	0	0		0	0	1	0		1	0	0	0	0	0				0	0	0	0	0	0	0	0	0	0	0		0	0	0	0	0	0	0	0	0	0	0	0		No					0	0	0	0	0			0	0	0	0	0	0	0	0	0	0	0	0	0	0	0	0	0	0		Closed reference clustering against the gg 13_8 + otu centroid DB from UK twins	0	0	0	1	0	0	0	0		0	0	0	0	0	0	0	0	0	0	0	0	0	0	0	0	0	0	0	0		0	0	0	0	0	0	0	0	0	0	0	0	0	0	0		1	0	0	0	0	0	0	0	0	1	0	0	0	0	0	0	0	0	0	1	0	0		0	0	0	0	0	0	0	0	0	0	0	0	0	0		0	0	0	0	0	0	0	0			I ddi the AGP replication
56	10.1186/s40168-017-0368-1	#1315	Identifying predictive features of Clostridium difficile infection recurrence before, during, and after primary antibiotic treatment	Pakpour, S.; Bhanvadia, A.; Zhu, R.; Amarnani, A.; Gibbons, S. M.; Gurry, T.; Alm, E. J.; Martello, L. A.	1	0	1	0	0	0		1	1	0	0	0		No				2		0	1	0	0	0	0	0	0		No			0	0	0	0	0	0	0	0		0	0	1	0		1	0	0	0	0	0				1	0	0	0	1	1	1	0	1	0	0		0	0	0	0	0	0	0	1	0	0	0	0		Yes	Yes	No	No	Yes	0	0	1	0	0			0	0	0	1	0	0	1	0	0	0	0	0	0	0	0	0	0	1	UPARSE-OUT; PyNast		0	1	1	1	1	0	0	0		0	0	0	0	0	1	0	1	1	0	0	0	0	0	0	0	0	0	0	1	Mann-Whitney U test	1	0	1	1	0	0	0	0	0	1	0	0	0	1	0	PERMANOVA	1	0	1	1	0	0	0	0	0	1	0	0	1	1	0	0	0	0	0	0	0	0		0	1	0	0	0	0	0	0	0	0	0	0	0	0		1	0	1	1	0	0	0	0	Leave a study out or cross validation training	Yes	
57	10.3389/fcimb.2020.00434	#2094	Gut Microbiome Changes Associated With HIV Infection and Sexual Orientation	Zhou, J.; Zhang, Y.; Cui, P.; Luo, L.; Chen, H.; Liang, B.; Jiang, J.; Ning, C.; Tian, L.; Zhong, X.; Ye, L.; Liang, H.; Huang, J.	0	0	1	0	0	0		1	1	0	0	0		Yes	No	No	Yes	12	1288	0	1	0	0	0	0	1	EBI		No			0	0	0	0	0	0	0	0		0	0	1	0		1	0	0	0	0	0				1	0	0	0	0	1	1	1	1	0	0		0	0	1	0	1	1	1	1	0	0	0	1	V1	Yes	Yes	Yes	No	Yes	0	1	0	0	0		Not described/unclear	0	0	0	1	1	0	1	0	0	0	0	0	0	0	0	0	0	0			0	1	1	1	0	0	0	0		0	0	0	0	0	0	0	0	0	0	0	0	1	0	0	0	0	1	0	0		0	0	0	0	0	0	0	1	0	0	0	0	0	1	0	PCoA by study	0	0	1	0	0	0	0	0	0	0	0	0	1	0	0	0	0	0	0	0	1	0		0	0	0	0	0	0	0	0	0	0	0	0	0	0		0	0	0	0	0	0	0	0			The methods shouldn't have been published
58	10.3390/nu13072234	#770	Mediterranean Diet to Prevent the Development of Colon Diseases: A Meta-Analysis of Gut Microbiota Studies	Illescas, O.; Rodr√≠guez-Sosa, M.; Gariboldi, M.	0	0	1	0	0	0		0	1	0	0	0		Yes	Yes	No	Yes	17	1931	0	1	0	1	1	0	1	0	Microbiome CRC biomarker study repository	No			0	0	0	0	0	0	0	0		0	0	1	0		1	0	0	0	0	0				1	1	0	0	0	1	1	1	1	1	0		1	1	0	0	0	1	0	1	0	0	0	1	V56	Yes	Yes	No	No	Yes	0	0	1	0	0			0	0	0	0	1	0	1	0	0	0	0	0	0	0	0	0	0	1	pynast, chimera slayer		0	1	1	1	0	0	0	0		0	0	0	0	0	1	0	0	0	0	0	0	0	0	1	0	0	0	0	0		1	0	0	0	0	0	0	0	1	0	0	0	1	0	0		0	0	1	1	0	0	1	0	0	1	0	0	1	0	0	1	1	0	0	0	0	0		0	0	0	0	0	0	0	0	0	0	0	0	1	0	wilcoxon rank sum test	0	0	0	0	0	0	0	0			
59	10.1136/bmjgast-2018-000247	#624	Gut microbiome meta-analysis reveals dysbiosis is independent of body mass index in predicting risk of obesity-associated CRC	Greathouse, K. L.; White, J. R.; Padgett, R. N.; Perrotta, B. G.; Jenkins, G. D.; Chia, N.; Chen, J.	0	0	1	0	0	0		1	0	0	0	0		Yes	Yes	Yes	Yes	5	1221	0	1	0	0	0	0	0	0		Yes			0	1	0	0	0	0	0	0		0	0	1	0		1	0	0	0	0	0				1	0	0	0	0	1	0	0	0	0	0		0	0	0	0	1	1	0	1	0	0	0	0		Yes	Yes	Yes	No	Yes	1	0	0	0	0			0	0	0	0	1	0	1	0	0	0	0	0	0	0	1	0	0	0			0	1	1	1	1	0	0	0		0	0	0	0	0	1	0	0	0	0	0	0	0	0	0	0	1	0	0	0		0	1	0	0	0	0	0	0	1	0	0	0	0	0	0		1	1	0	0	0	0	0	0	1	1	0	0	1	0	0	0	0	0	0	1	0	0		0	0	0	0	0	0	0	0	0	0	0	0	1	0	Negative binomial regression	1	0	1	0	0	0	0	0	Leave a study out or cross validation training	Not described	
